file,true_hr,pred_hr,error_bpm
sample_0_HR_62.csv,62.696,61.235744,-1.4602547
sample_1000_HR_144.csv,144.54,143.05104,-1.4889526
sample_1001_HR_144.csv,144.231,148.70607,4.475067
sample_1002_HR_144.csv,144.077,143.46371,-0.61328125
sample_1003_HR_143.csv,143.77,143.43831,-0.33169556
sample_1004_HR_143.csv,143.464,142.07585,-1.3881531
sample_1005_HR_143.csv,143.617,144.4456,0.828598
sample_1006_HR_143.csv,143.312,143.346,0.033996582
sample_1007_HR_142.csv,142.706,142.76741,0.061416626
sample_1008_HR_141.csv,141.658,142.83018,1.1721802
sample_1009_HR_140.csv,140.333,143.24007,2.907074
sample_100_HR_78.csv,78.782,90.43473,11.652733
sample_1010_HR_139.csv,139.752,144.52805,4.7760468
sample_1011_HR_139.csv,139.192,142.84932,3.657318
sample_1012_HR_139.csv,139.319,142.20883,2.8898315
sample_1013_HR_138.csv,138.738,141.95831,3.2203064
sample_1014_HR_137.csv,137.392,136.21628,-1.1757202
sample_1015_HR_137.csv,137.056,135.62282,-1.4331818
sample_1016_HR_137.csv,137.244,143.1195,5.8755035
sample_1017_HR_139.csv,139.032,162.41666,23.384659
sample_1018_HR_141.csv,141.066,166.33336,25.267365
sample_1019_HR_142.csv,142.405,167.73108,25.32608
sample_101_HR_77.csv,77.081,81.034775,3.9537735
sample_1020_HR_143.csv,143.312,165.11089,21.79889
sample_1021_HR_143.csv,143.464,147.35765,3.8936462
sample_1022_HR_143.csv,143.923,143.78636,-0.13664246
sample_1023_HR_144.csv,144.077,143.03244,-1.0445557
sample_1024_HR_144.csv,144.817,144.19992,-0.6170807
sample_1025_HR_145.csv,145.112,163.0769,17.964905
sample_1026_HR_144.csv,144.695,165.93199,21.236984
sample_1027_HR_143.csv,143.464,165.01128,21.547272
sample_1028_HR_141.csv,141.956,142.0468,0.09080505
sample_1029_HR_141.csv,141.353,142.58128,1.2282867
sample_102_HR_74.csv,74.917,82.63825,7.7212524
sample_1030_HR_141.csv,141.658,141.72961,0.0716095
sample_1031_HR_141.csv,141.066,141.55383,0.48783875
sample_1032_HR_140.csv,140.728,142.65744,1.9294434
sample_1033_HR_140.csv,140.333,142.65645,2.3234558
sample_1034_HR_139.csv,139.752,140.93556,1.1835632
sample_1035_HR_139.csv,139.65,142.01329,2.3632965
sample_1036_HR_139.csv,139.65,141.90666,2.256668
sample_1037_HR_140.csv,140.041,145.60454,5.5635376
sample_1038_HR_139.csv,139.497,141.3767,1.8796997
sample_1039_HR_138.csv,138.746,143.49745,4.7514496
sample_103_HR_74.csv,74.176,98.14553,23.969528
sample_1040_HR_137.csv,137.244,135.48367,-1.7603302
sample_1041_HR_136.csv,136.218,135.11813,-1.0998688
sample_1042_HR_136.csv,136.089,135.23962,-0.8493805
sample_1043_HR_136.csv,136.656,135.13719,-1.5188141
sample_1044_HR_138.csv,138.178,137.72945,-0.44854736
sample_1045_HR_139.csv,139.896,141.57481,1.6788177
sample_1046_HR_142.csv,142.255,144.06804,1.813034
sample_1047_HR_144.csv,144.385,144.54556,0.16056824
sample_1048_HR_147.csv,147.059,148.1243,1.0652924
sample_1049_HR_149.csv,149.528,150.8067,1.2787018
sample_104_HR_72.csv,72.894,94.30859,21.414597
sample_1050_HR_151.csv,151.274,149.86723,-1.4067688
sample_1051_HR_150.csv,150.167,147.78261,-2.3843994
sample_1052_HR_146.csv,146.739,156.32076,9.581757
sample_1053_HR_143.csv,143.16,140.48909,-2.6709137
sample_1054_HR_141.csv,141.213,127.44858,-13.76442
sample_1055_HR_142.csv,142.105,83.71996,-58.385033
sample_1056_HR_144.csv,144.385,72.76058,-71.62441
sample_1057_HR_146.csv,146.421,74.56436,-71.85664
sample_1058_HR_146.csv,146.899,103.48635,-43.41265
sample_1059_HR_146.csv,146.454,116.20275,-30.251244
sample_105_HR_72.csv,72.993,95.70688,22.713882
sample_1060_HR_145.csv,145.855,116.6889,-29.166092
sample_1061_HR_145.csv,145.557,114.95212,-30.604889
sample_1062_HR_145.csv,145.557,120.76208,-24.79493
sample_1063_HR_145.csv,145.788,121.98427,-23.803726
sample_1064_HR_145.csv,145.788,111.37988,-34.40811
sample_1065_HR_145.csv,145.631,101.58623,-44.04477
sample_1066_HR_144.csv,144.385,157.18268,12.797684
sample_1067_HR_142.csv,142.405,152.2014,9.796402
sample_1068_HR_139.csv,139.752,113.67267,-26.07933
sample_1069_HR_137.csv,137.615,165.28629,27.67128
sample_106_HR_74.csv,74.176,87.46994,13.293938
sample_1070_HR_136.csv,136.803,140.7695,3.966507
sample_1071_HR_138.csv,138.32,137.04204,-1.2779694
sample_1072_HR_140.csv,140.919,144.03053,3.1115265
sample_1073_HR_143.csv,143.77,145.52861,1.758606
sample_1074_HR_146.csv,146.304,146.10942,-0.19458008
sample_1075_HR_148.csv,148.592,150.49606,1.904068
sample_1076_HR_150.csv,150.794,150.96106,0.16705322
sample_1077_HR_152.csv,152.57,158.14716,5.5771484
sample_1078_HR_154.csv,154.221,156.52824,2.307251
sample_1079_HR_155.csv,155.925,154.57152,-1.3534851
sample_107_HR_72.csv,72.659,84.90369,12.24469
sample_1080_HR_157.csv,157.729,158.9246,1.1956024
sample_1081_HR_158.csv,158.395,152.70094,-5.6940613
sample_1082_HR_159.csv,159.236,163.95831,4.7223206
sample_1083_HR_159.csv,159.067,164.43225,5.3652496
sample_1084_HR_158.csv,158.228,168.86365,10.635651
sample_1085_HR_158.csv,158.228,170.80019,12.572189
sample_1086_HR_158.csv,158.061,158.88992,0.82891846
sample_1087_HR_159.csv,159.067,160.2799,1.2129059
sample_1088_HR_159.csv,159.915,166.34651,6.4315186
sample_1089_HR_160.csv,160.387,163.00781,2.620819
sample_108_HR_68.csv,68.493,68.22126,-0.27173615
sample_1090_HR_160.csv,160.6,161.71075,1.1107483
sample_1091_HR_160.csv,160.428,168.78459,8.356598
sample_1092_HR_160.csv,160.714,163.4063,2.6922913
sample_1093_HR_160.csv,160.944,162.7129,1.7689056
sample_1094_HR_161.csv,161.704,162.53159,0.82759094
sample_1095_HR_162.csv,162.371,159.6618,-2.709198
sample_1096_HR_163.csv,163.551,163.47421,-0.07678223
sample_1097_HR_164.csv,164.749,164.18065,-0.5683441
sample_1098_HR_165.csv,165.615,164.6194,-0.99560547
sample_1099_HR_165.csv,165.441,167.48074,2.0397491
sample_109_HR_65.csv,65.574,77.502,11.928001
sample_10_HR_71.csv,71.174,75.8934,4.7193985
sample_1100_HR_164.csv,164.577,165.59451,1.0175171
sample_1101_HR_163.csv,163.892,164.09456,0.20256042
sample_1102_HR_163.csv,163.551,157.81133,-5.73967
sample_1103_HR_163.csv,163.892,165.93474,2.0427399
sample_1104_HR_164.csv,164.577,164.4313,-0.14569092
sample_1105_HR_164.csv,164.921,165.34727,0.42626953
sample_1106_HR_165.csv,165.268,165.80504,0.5370331
sample_1107_HR_129.csv,129.705,119.87602,-9.8289795
sample_1108_HR_127.csv,127.389,129.24174,1.852745
sample_1109_HR_128.csv,128.894,130.58252,1.6885223
sample_110_HR_67.csv,67.873,75.24095,7.3679504
sample_1110_HR_130.csv,130.635,135.94969,5.3146973
sample_1111_HR_133.csv,133.185,134.83261,1.6476135
sample_1112_HR_135.csv,135.638,134.3586,-1.2794037
sample_1113_HR_137.csv,137.195,136.18044,-1.0145721
sample_1114_HR_137.csv,137.689,162.74968,25.060684
sample_1115_HR_136.csv,136.778,142.05307,5.27507
sample_1116_HR_135.csv,135.35,134.95357,-0.3964386
sample_1117_HR_133.csv,133.929,142.10655,8.177551
sample_1118_HR_133.csv,133.09,138.77728,5.6872864
sample_1119_HR_132.csv,132.304,137.3177,5.0137024
sample_111_HR_71.csv,71.77,77.87268,6.102684
sample_1120_HR_131.csv,131.851,149.49097,17.639969
sample_1121_HR_131.csv,131.308,146.26706,14.959061
sample_1122_HR_130.csv,130.862,129.28012,-1.5818787
sample_1123_HR_129.csv,129.837,129.22005,-0.6169586
sample_1124_HR_128.csv,128.617,128.43086,-0.18614197
sample_1125_HR_127.csv,127.253,127.598,0.34500122
sample_1126_HR_125.csv,125.918,127.33839,1.4203873
sample_1127_HR_125.csv,125.278,127.3939,2.1158981
sample_1128_HR_125.csv,125.392,126.698105,1.3061066
sample_1129_HR_125.csv,125.523,127.46527,1.9422684
sample_112_HR_70.csv,70.671,81.717545,11.046547
sample_1130_HR_125.csv,125.0,127.857544,2.857544
sample_1131_HR_123.csv,123.457,123.387856,-0.0691452
sample_1132_HR_122.csv,122.017,121.01019,-1.0068054
sample_1133_HR_121.csv,121.622,126.14014,4.518135
sample_1134_HR_121.csv,121.098,134.44173,13.343727
sample_1135_HR_120.csv,120.708,136.12772,15.419716
sample_1136_HR_119.csv,119.681,142.05573,22.374725
sample_1137_HR_118.csv,118.297,134.96425,16.667252
sample_1138_HR_118.csv,118.172,123.57959,5.407593
sample_1139_HR_118.csv,118.796,147.21327,28.417274
sample_113_HR_69.csv,69.804,81.92508,12.1210785
sample_1140_HR_120.csv,120.708,133.23425,12.526253
sample_1141_HR_122.csv,122.549,146.30614,23.757133
sample_1142_HR_124.csv,124.861,126.04216,1.18116
sample_1143_HR_127.csv,127.524,128.81395,1.2899475
sample_1144_HR_129.csv,129.87,129.69725,-0.17274475
sample_1145_HR_131.csv,131.851,134.96455,3.113556
sample_1146_HR_133.csv,133.09,140.23221,7.142212
sample_1147_HR_133.csv,133.929,141.1751,7.2460938
sample_1148_HR_133.csv,133.368,135.01595,1.6479492
sample_1149_HR_132.csv,132.304,135.02548,2.7214813
sample_114_HR_67.csv,67.568,86.25597,18.687965
sample_1150_HR_130.csv,130.235,135.8393,5.604294
sample_1151_HR_127.csv,127.66,127.715485,0.055480957
sample_1152_HR_125.csv,125.392,127.55943,2.1674347
sample_1153_HR_123.csv,123.457,124.5986,1.1416016
sample_1154_HR_122.csv,122.283,120.39794,-1.8850555
sample_1155_HR_121.csv,121.49,120.27515,-1.2148514
sample_1156_HR_121.csv,121.228,120.105225,-1.1227722
sample_1157_HR_120.csv,120.579,120.37649,-0.20251465
sample_1158_HR_120.csv,120.192,120.00268,-0.18932343
sample_1159_HR_120.csv,120.321,119.65498,-0.6660156
sample_115_HR_71.csv,71.732,80.03337,8.301369
sample_1160_HR_120.csv,120.708,121.356285,0.6482849
sample_1161_HR_121.csv,121.622,122.75353,1.1315308
sample_1162_HR_122.csv,122.15,120.36159,-1.788414
sample_1163_HR_122.csv,122.283,124.810295,2.527298
sample_1164_HR_122.csv,122.283,124.35253,2.0695343
sample_1165_HR_121.csv,121.622,119.57442,-2.0475845
sample_1166_HR_120.csv,120.579,126.30294,5.723938
sample_1167_HR_120.csv,120.064,120.025566,-0.03843689
sample_1168_HR_119.csv,119.936,119.84114,-0.09485626
sample_1169_HR_119.csv,119.554,119.90818,0.35417938
sample_116_HR_75.csv,75.673,110.94489,35.271896
sample_1170_HR_118.csv,118.546,120.44823,1.9022293
sample_1171_HR_117.csv,117.678,119.21498,1.5369797
sample_1172_HR_117.csv,117.555,122.38281,4.827812
sample_1173_HR_118.csv,118.048,120.13328,2.0852814
sample_1174_HR_117.csv,117.801,119.8685,2.0674973
sample_1175_HR_116.csv,116.701,123.32482,6.623825
sample_1176_HR_115.csv,115.385,119.02314,3.6381378
sample_1177_HR_113.csv,113.147,117.91346,4.7664566
sample_1178_HR_112.csv,112.903,111.60244,-1.30056
sample_1179_HR_113.csv,113.269,112.642975,-0.62602234
sample_117_HR_80.csv,80.645,98.94082,18.295822
sample_1180_HR_113.csv,113.025,112.88977,-0.13523102
sample_1181_HR_113.csv,113.759,113.31074,-0.44826508
sample_1182_HR_113.csv,113.636,119.93722,6.301216
sample_1183_HR_114.csv,114.13,113.86448,-0.2655182
sample_1184_HR_115.csv,115.894,117.04734,1.1533432
sample_1185_HR_117.csv,117.432,119.88903,2.4570312
sample_1186_HR_119.csv,119.183,120.01897,0.835968
sample_1187_HR_119.csv,119.808,120.26959,0.46159363
sample_1188_HR_121.csv,121.228,120.561905,-0.6660919
sample_1189_HR_122.csv,122.549,137.79102,15.242012
sample_118_HR_84.csv,84.364,109.76791,25.403908
sample_1190_HR_123.csv,123.584,155.59804,32.014038
sample_1191_HR_124.csv,124.224,148.8319,24.607895
sample_1192_HR_124.csv,124.095,122.108025,-1.9869766
sample_1193_HR_123.csv,123.967,140.21005,16.24305
sample_1194_HR_123.csv,123.762,129.76093,5.9989243
sample_1195_HR_123.csv,123.491,150.05408,26.56308
sample_1196_HR_123.csv,123.491,130.52357,7.0325775
sample_1197_HR_123.csv,123.899,134.03358,10.1345825
sample_1198_HR_125.csv,125.523,135.37895,9.855949
sample_1199_HR_127.csv,127.932,144.23018,16.29818
sample_119_HR_88.csv,88.443,124.592476,36.149475
sample_11_HR_74.csv,74.586,114.78533,40.199333
sample_1200_HR_129.csv,129.969,134.67918,4.71019
sample_1201_HR_132.csv,132.304,148.6487,16.344696
sample_1202_HR_134.csv,134.921,148.90298,13.981979
sample_1203_HR_136.csv,136.95,142.07242,5.1224213
sample_1204_HR_140.csv,140.11,140.78293,0.67292786
sample_1205_HR_142.csv,142.555,130.63751,-11.91748
sample_1206_HR_144.csv,144.695,143.67982,-1.0151825
sample_1207_HR_146.csv,146.262,148.61429,2.352295
sample_1208_HR_146.csv,146.756,148.20198,1.4459839
sample_1209_HR_146.csv,146.605,152.0652,5.460205
sample_120_HR_88.csv,88.235,99.03259,10.797592
sample_1210_HR_146.csv,146.454,150.62646,4.17247
sample_1211_HR_145.csv,145.946,148.98595,3.0399475
sample_1212_HR_144.csv,144.85,141.41418,-3.4358215
sample_1213_HR_142.csv,142.857,141.06491,-1.7920837
sample_1214_HR_140.csv,140.573,141.22458,0.6515808
sample_1215_HR_138.csv,138.137,141.70561,3.5686188
sample_1216_HR_136.csv,136.803,135.68251,-1.1204834
sample_1217_HR_135.csv,135.928,134.51907,-1.4089203
sample_1218_HR_135.csv,135.678,134.95029,-0.7277069
sample_1219_HR_135.csv,135.638,135.46584,-0.17216492
sample_121_HR_87.csv,87.822,125.13603,37.314034
sample_1220_HR_135.csv,135.815,136.30171,0.4867096
sample_1221_HR_135.csv,135.638,135.53102,-0.10697937
sample_1222_HR_134.csv,134.831,135.32922,0.49822998
sample_1223_HR_133.csv,133.648,135.05867,1.410675
sample_1224_HR_132.csv,132.89,135.04875,2.1587524
sample_1225_HR_132.csv,132.674,134.64764,1.9736481
sample_1226_HR_133.csv,133.185,134.50345,1.3184509
sample_1227_HR_133.csv,133.648,133.5146,-0.13339233
sample_1228_HR_86.csv,86.934,85.58003,-1.3539658
sample_1229_HR_88.csv,88.997,89.35907,0.36206818
sample_122_HR_86.csv,86.117,118.41466,32.29766
sample_1230_HR_90.csv,90.263,89.01264,-1.2503586
sample_1231_HR_90.csv,90.759,88.87997,-1.879036
sample_1232_HR_90.csv,90.959,89.19486,-1.7641373
sample_1233_HR_91.csv,91.06,89.306404,-1.7535934
sample_1234_HR_91.csv,91.261,90.72179,-0.5392151
sample_1235_HR_91.csv,91.667,91.255936,-0.41106415
sample_1236_HR_91.csv,91.769,90.47334,-1.2956543
sample_1237_HR_91.csv,91.463,89.95499,-1.5080109
sample_1238_HR_90.csv,90.659,89.494095,-1.1649017
sample_1239_HR_90.csv,90.263,89.4081,-0.8549042
sample_123_HR_84.csv,84.702,135.67523,50.97323
sample_1240_HR_90.csv,90.461,89.45988,-1.0011215
sample_1241_HR_91.csv,91.16,89.234985,-1.9250183
sample_1242_HR_92.csv,92.076,89.59778,-2.478218
sample_1243_HR_92.csv,92.489,95.10401,2.6150131
sample_1244_HR_92.csv,92.489,94.640755,2.1517563
sample_1245_HR_92.csv,92.282,89.20789,-3.0741043
sample_1246_HR_92.csv,92.308,89.27568,-3.032318
sample_1247_HR_92.csv,92.497,99.63084,7.133835
sample_1248_HR_92.csv,92.688,92.50164,-0.18636322
sample_1249_HR_92.csv,92.497,93.593925,1.0969238
sample_124_HR_85.csv,85.131,126.93238,41.801384
sample_1250_HR_91.csv,91.871,92.76315,0.8921509
sample_1251_HR_90.csv,90.959,89.957085,-1.001915
sample_1252_HR_90.csv,90.164,89.413055,-0.75094604
sample_1253_HR_89.csv,89.869,89.4256,-0.44340515
sample_1254_HR_90.csv,90.263,89.1326,-1.1304016
sample_1255_HR_90.csv,90.164,89.00344,-1.1605606
sample_1256_HR_90.csv,90.066,89.94929,-0.11671448
sample_1257_HR_88.csv,88.901,89.31392,0.4129181
sample_1258_HR_87.csv,87.302,89.07173,1.7697296
sample_1259_HR_85.csv,85.911,88.36274,2.4517365
sample_125_HR_85.csv,85.131,159.8385,74.707504
sample_1260_HR_85.csv,85.034,96.47166,11.43766
sample_1261_HR_84.csv,84.27,109.3477,25.077705
sample_1262_HR_83.csv,83.799,119.18348,35.384476
sample_1263_HR_83.csv,83.671,81.57179,-2.099205
sample_1264_HR_83.csv,83.333,88.64965,5.3166504
sample_1265_HR_83.csv,83.056,89.92748,6.871483
sample_1266_HR_82.csv,82.873,100.25601,17.38301
sample_1267_HR_83.csv,83.056,144.55806,61.50206
sample_1268_HR_83.csv,83.333,85.64495,2.3119507
sample_1269_HR_83.csv,83.987,155.0275,71.0405
sample_126_HR_86.csv,86.009,157.92386,71.914856
sample_1270_HR_84.csv,84.081,94.50464,10.423637
sample_1271_HR_83.csv,83.893,82.32688,-1.5661163
sample_1272_HR_84.csv,84.012,82.317085,-1.6949158
sample_1273_HR_84.csv,84.442,83.66038,-0.78162384
sample_1274_HR_85.csv,85.227,89.3675,4.140503
sample_1275_HR_85.csv,85.911,89.13833,3.2273254
sample_1276_HR_85.csv,85.812,89.569725,3.7577286
sample_1277_HR_84.csv,84.938,92.66619,7.7281876
sample_1278_HR_84.csv,84.356,82.78873,-1.567276
sample_1279_HR_84.csv,84.356,82.39355,-1.9624557
sample_127_HR_89.csv,89.577,163.88124,74.30424
sample_1280_HR_85.csv,85.848,82.57954,-3.2684631
sample_1281_HR_87.csv,87.108,90.36585,3.2578506
sample_1282_HR_88.csv,88.235,89.42196,1.1869583
sample_1283_HR_87.csv,87.413,88.703926,1.2909241
sample_1284_HR_85.csv,85.616,87.4431,1.8271027
sample_1285_HR_84.csv,84.364,85.522995,1.1589966
sample_1286_HR_84.csv,84.184,82.67211,-1.5118866
sample_1287_HR_84.csv,84.364,86.543686,2.1796875
sample_1288_HR_85.csv,85.519,85.34334,-0.17565918
sample_1289_HR_85.csv,85.812,86.69657,0.8845749
sample_128_HR_92.csv,92.308,160.32011,68.012115
sample_1290_HR_86.csv,86.906,93.84388,6.9378815
sample_1291_HR_86.csv,86.569,89.413025,2.8440247
sample_1292_HR_84.csv,84.964,89.19227,4.2282715
sample_1293_HR_83.csv,83.241,85.44734,2.2063446
sample_1294_HR_81.csv,81.61,122.47712,40.86712
sample_1295_HR_81.csv,81.257,83.63309,2.3760834
sample_1296_HR_81.csv,81.433,82.45148,1.0184784
sample_1297_HR_81.csv,81.788,81.86769,0.079689026
sample_1298_HR_81.csv,81.433,81.74726,0.3142624
sample_1299_HR_80.csv,80.645,82.046,1.401001
sample_129_HR_95.csv,95.44,162.93686,67.49686
sample_12_HR_76.csv,76.357,79.710846,3.3538437
sample_1300_HR_80.csv,80.262,108.061165,27.799164
sample_1301_HR_79.csv,79.957,82.09987,2.142868
sample_1302_HR_80.csv,80.043,85.19572,5.1527176
sample_1303_HR_80.csv,80.453,80.95336,0.5003586
sample_1304_HR_80.csv,80.994,82.57879,1.5847855
sample_1305_HR_82.csv,82.237,81.38453,-0.8524704
sample_1306_HR_83.csv,83.149,81.81688,-1.3321228
sample_1307_HR_84.csv,84.012,81.792015,-2.219986
sample_1308_HR_84.csv,84.555,87.35894,2.8039398
sample_1309_HR_84.csv,84.842,81.9161,-2.9259033
sample_130_HR_98.csv,98.485,147.90686,49.42186
sample_1310_HR_84.csv,84.175,82.665215,-1.5097885
sample_1311_HR_83.csv,83.426,81.96176,-1.464241
sample_1312_HR_82.csv,82.69,81.71564,-0.97436523
sample_1313_HR_81.csv,81.967,81.73499,-0.23200989
sample_1314_HR_81.csv,81.788,81.88582,0.09781647
sample_1315_HR_82.csv,82.508,81.78727,-0.72073364
sample_1316_HR_83.csv,83.756,81.69011,-2.0658875
sample_1317_HR_85.csv,85.759,85.46497,-0.29402924
sample_1318_HR_87.csv,87.311,89.34447,2.0334702
sample_1319_HR_86.csv,86.505,88.78125,2.2762527
sample_131_HR_100.csv,100.897,126.79225,25.895248
sample_1320_HR_84.csv,84.555,83.67522,-0.87978363
sample_1321_HR_82.csv,82.508,81.74608,-0.76192474
sample_1322_HR_81.csv,81.522,81.64138,0.119377136
sample_1323_HR_81.csv,81.967,81.91523,-0.05177307
sample_1324_HR_82.csv,82.317,81.69309,-0.623909
sample_1325_HR_83.csv,83.241,81.89288,-1.348114
sample_1326_HR_83.csv,83.927,82.8084,-1.1185989
sample_1327_HR_85.csv,85.052,82.0014,-3.0505981
sample_132_HR_101.csv,101.925,126.49146,24.56646
sample_133_HR_100.csv,100.0,96.98519,-3.0148087
sample_134_HR_96.csv,96.266,129.12538,32.859383
sample_135_HR_93.csv,93.458,134.52428,41.066277
sample_136_HR_91.csv,91.931,130.4009,38.469894
sample_137_HR_92.csv,92.975,99.357,6.382004
sample_138_HR_94.csv,94.439,125.51646,31.077454
sample_139_HR_95.csv,95.819,113.37947,17.56047
sample_13_HR_76.csv,76.879,105.343735,28.464737
sample_140_HR_94.csv,94.394,115.66796,21.273964
sample_141_HR_90.csv,90.361,125.497826,35.136826
sample_142_HR_70.csv,70.239,107.235214,36.996216
sample_143_HR_69.csv,69.686,109.632355,39.946358
sample_144_HR_69.csv,69.686,106.2062,36.520203
sample_145_HR_68.csv,68.493,100.07627,31.583275
sample_146_HR_66.csv,66.288,132.80032,66.51232
sample_147_HR_65.csv,65.217,97.570984,32.35398
sample_148_HR_64.csv,64.655,111.0314,46.376404
sample_149_HR_63.csv,63.898,81.492455,17.594456
sample_14_HR_75.csv,75.503,102.76782,27.264824
sample_150_HR_64.csv,64.725,71.4128,6.687805
sample_151_HR_64.csv,64.417,70.56497,6.147972
sample_152_HR_64.csv,64.655,69.63972,4.9847183
sample_153_HR_64.csv,64.378,66.742546,2.3645477
sample_154_HR_63.csv,63.158,62.301407,-0.8565941
sample_155_HR_63.csv,63.025,61.077675,-1.9473267
sample_156_HR_62.csv,62.176,60.45805,-1.7179489
sample_157_HR_61.csv,61.692,61.24188,-0.45012283
sample_158_HR_61.csv,61.692,60.241737,-1.450264
sample_159_HR_61.csv,61.837,60.386986,-1.450016
sample_15_HR_73.csv,73.62,139.51012,65.890114
sample_160_HR_62.csv,62.5,78.1665,15.666496
sample_161_HR_61.csv,61.547,62.043198,0.49619675
sample_162_HR_60.csv,60.834,59.808414,-1.0255852
sample_163_HR_60.csv,60.624,59.706936,-0.91706467
sample_164_HR_61.csv,61.547,61.254436,-0.2925644
sample_165_HR_62.csv,62.278,87.23694,24.958939
sample_166_HR_64.csv,64.935,114.65741,49.722412
sample_167_HR_66.csv,66.298,89.84947,23.551476
sample_168_HR_68.csv,68.337,134.46326,66.12626
sample_169_HR_70.csv,70.903,142.57321,71.67021
sample_16_HR_70.csv,70.093,134.00937,63.916367
sample_170_HR_71.csv,71.942,141.59903,69.65703
sample_171_HR_71.csv,71.259,141.23662,69.977615
sample_172_HR_69.csv,69.804,141.7268,71.922806
sample_173_HR_67.csv,67.568,136.42621,68.85821
sample_174_HR_67.csv,67.72,107.63551,39.915512
sample_175_HR_67.csv,67.189,132.00711,64.81811
sample_176_HR_68.csv,68.571,135.32365,66.752655
sample_177_HR_69.csv,69.284,132.87213,63.588135
sample_178_HR_70.csv,70.755,133.36166,62.606667
sample_179_HR_70.csv,70.829,124.90973,54.080727
sample_17_HR_65.csv,65.299,133.00693,67.707924
sample_180_HR_70.csv,70.34,71.17996,0.8399658
sample_181_HR_69.csv,69.686,71.056435,1.3704376
sample_182_HR_69.csv,69.364,69.05342,-0.3105774
sample_183_HR_69.csv,69.444,113.73724,44.293243
sample_184_HR_69.csv,69.767,114.88437,45.11737
sample_185_HR_70.csv,70.755,105.0311,34.2761
sample_186_HR_71.csv,71.174,85.565285,14.391281
sample_187_HR_71.csv,71.58,77.411385,5.8313828
sample_188_HR_70.csv,70.903,98.970955,28.067955
sample_189_HR_69.csv,69.204,116.04721,46.84321
sample_18_HR_61.csv,61.91,134.80466,72.89465
sample_190_HR_67.csv,67.95,131.26985,63.319855
sample_191_HR_66.csv,66.288,109.373924,43.085922
sample_192_HR_65.csv,65.646,120.78267,55.136665
sample_193_HR_65.csv,65.431,96.67318,31.24218
sample_194_HR_65.csv,65.217,124.44748,59.230476
sample_195_HR_66.csv,66.54,74.76413,8.224129
sample_196_HR_68.csv,68.027,126.21061,58.18361
sample_197_HR_68.csv,68.729,133.77672,65.04772
sample_198_HR_69.csv,69.124,134.76944,65.64544
sample_199_HR_68.csv,68.32,133.29791,64.97791
sample_19_HR_59.csv,59.727,105.9105,46.1835
sample_1_HR_60.csv,60.206,59.960308,-0.2456932
sample_200_HR_67.csv,67.72,130.79224,63.072235
sample_201_HR_67.csv,67.039,107.45449,40.41549
sample_202_HR_67.csv,67.644,114.3621,46.7181
sample_203_HR_67.csv,67.222,118.672905,51.450905
sample_204_HR_68.csv,68.027,92.94315,24.916153
sample_205_HR_69.csv,69.124,132.04056,62.916557
sample_206_HR_71.csv,71.203,96.49449,25.291489
sample_207_HR_74.csv,74.534,82.177216,7.643219
sample_208_HR_75.csv,75.251,90.63073,15.37973
sample_209_HR_74.csv,74.668,79.140396,4.472397
sample_20_HR_61.csv,61.475,118.400665,56.925667
sample_210_HR_73.csv,73.932,117.48361,43.551613
sample_211_HR_73.csv,73.21,142.80992,69.59992
sample_212_HR_74.csv,74.586,148.77113,74.185135
sample_213_HR_75.csv,75.335,158.26071,82.92571
sample_214_HR_76.csv,76.099,161.89377,85.79477
sample_215_HR_75.csv,75.167,159.57419,84.40719
sample_216_HR_73.csv,73.37,161.91875,88.548744
sample_217_HR_72.csv,72.347,151.97008,79.62308
sample_218_HR_72.csv,72.894,147.47517,74.58118
sample_219_HR_74.csv,74.339,143.36746,69.028465
sample_21_HR_66.csv,66.007,112.71701,46.710007
sample_220_HR_77.csv,77.408,154.9141,77.506096
sample_221_HR_79.csv,79.365,168.5562,89.1912
sample_222_HR_80.csv,80.453,155.03575,74.58275
sample_223_HR_81.csv,81.081,138.1328,57.051796
sample_224_HR_81.csv,81.699,100.8961,19.197105
sample_225_HR_82.csv,82.117,82.62209,0.50509644
sample_226_HR_81.csv,81.967,82.05077,0.08377075
sample_227_HR_80.csv,80.906,82.3211,1.4151001
sample_228_HR_79.csv,79.505,82.31145,2.80645
sample_229_HR_78.csv,78.616,93.09256,14.4765625
sample_22_HR_71.csv,71.174,117.61996,46.445953
sample_230_HR_78.csv,78.782,82.63589,3.8538895
sample_231_HR_81.csv,81.522,82.24098,0.7189789
sample_232_HR_84.csv,84.356,100.212524,15.856522
sample_233_HR_88.csv,88.901,94.529175,5.628174
sample_234_HR_92.csv,92.593,138.17374,45.580734
sample_235_HR_94.csv,94.828,141.92728,47.099274
sample_236_HR_95.csv,95.376,139.74254,44.36654
sample_237_HR_95.csv,95.339,111.667244,16.328247
sample_238_HR_95.csv,95.745,125.90896,30.163956
sample_239_HR_96.csv,96.878,140.68347,43.805473
sample_23_HR_73.csv,73.529,77.931915,4.402916
sample_240_HR_98.csv,98.485,112.691124,14.206123
sample_241_HR_100.csv,100.446,138.75912,38.313126
sample_242_HR_101.csv,101.237,124.57313,23.336128
sample_243_HR_100.csv,100.932,111.9265,10.994499
sample_244_HR_99.csv,99.448,96.51819,-2.9298096
sample_245_HR_97.csv,97.614,108.11077,10.496773
sample_246_HR_95.csv,95.541,125.848976,30.307976
sample_247_HR_93.csv,93.644,128.30042,34.656418
sample_248_HR_92.csv,92.282,137.8301,45.548096
sample_249_HR_92.csv,92.282,116.24007,23.958069
sample_24_HR_73.csv,73.21,95.86435,22.65435
sample_250_HR_91.csv,91.667,96.60651,4.9395065
sample_251_HR_90.csv,90.959,138.58575,47.626755
sample_252_HR_89.csv,89.967,163.99022,74.02322
sample_253_HR_89.csv,89.577,141.0056,51.428596
sample_254_HR_89.csv,89.674,171.15376,81.47976
sample_255_HR_90.csv,90.361,169.89197,79.53097
sample_256_HR_90.csv,90.859,138.9951,48.1361
sample_257_HR_90.csv,90.659,108.40335,17.744354
sample_258_HR_90.csv,90.759,140.78526,50.02626
sample_259_HR_89.csv,89.967,128.75394,38.786934
sample_25_HR_63.csv,63.83,111.84343,48.013428
sample_260_HR_88.csv,88.424,96.59409,8.17009
sample_261_HR_86.csv,86.934,151.22116,64.28716
sample_262_HR_85.csv,85.759,146.50203,60.743027
sample_263_HR_85.csv,85.492,169.26677,83.77477
sample_264_HR_85.csv,85.714,161.86353,76.14953
sample_265_HR_84.csv,84.938,168.3399,83.4019
sample_266_HR_83.csv,83.612,165.53284,81.92084
sample_267_HR_81.csv,81.13,142.96129,61.83129
sample_268_HR_79.csv,79.114,152.13777,73.02377
sample_269_HR_77.csv,77.24,150.89044,73.650444
sample_26_HR_72.csv,72.894,125.454094,52.560097
sample_270_HR_76.csv,76.444,150.39761,73.95361
sample_271_HR_76.csv,76.609,146.88889,70.279884
sample_272_HR_75.csv,75.928,146.29427,70.366264
sample_273_HR_75.csv,75.843,132.20253,56.359528
sample_274_HR_75.csv,75.928,137.11891,61.19091
sample_275_HR_75.csv,75.588,151.90721,76.319214
sample_276_HR_76.csv,76.185,132.28056,56.095566
sample_277_HR_76.csv,76.444,144.87325,68.429245
sample_278_HR_76.csv,76.271,138.62663,62.35563
sample_279_HR_76.csv,76.923,145.90672,68.98373
sample_27_HR_74.csv,74.668,79.99964,5.331642
sample_280_HR_77.csv,77.765,126.85757,49.092567
sample_281_HR_79.csv,79.693,90.27714,10.584137
sample_282_HR_82.csv,82.057,94.02974,11.97274
sample_283_HR_82.csv,82.873,92.341774,9.468773
sample_284_HR_84.csv,84.356,111.55465,27.198647
sample_285_HR_85.csv,85.67,91.194305,5.5243073
sample_286_HR_86.csv,86.605,116.35475,29.749748
sample_287_HR_87.csv,87.209,91.39064,4.1816406
sample_288_HR_85.csv,85.616,160.91055,75.294556
sample_289_HR_85.csv,85.616,143.46869,57.85269
sample_28_HR_76.csv,76.879,89.39215,12.513153
sample_290_HR_87.csv,87.766,172.09381,84.32781
sample_291_HR_90.csv,90.461,172.19875,81.73775
sample_292_HR_94.csv,94.142,171.55644,77.414444
sample_293_HR_96.csv,96.567,160.16855,63.601547
sample_294_HR_98.csv,98.684,164.32646,65.64246
sample_295_HR_100.csv,100.206,124.40836,24.202362
sample_296_HR_102.csv,102.506,130.29526,27.78926
sample_297_HR_106.csv,106.094,142.45253,36.35853
sample_298_HR_109.csv,109.261,120.06527,10.804268
sample_299_HR_113.csv,113.147,117.43159,4.284584
sample_29_HR_75.csv,75.843,113.49935,37.65635
sample_2_HR_59.csv,59.055,60.39681,1.3418083
sample_300_HR_115.csv,115.031,138.11719,23.08619
sample_301_HR_116.csv,116.46,148.43198,31.971977
sample_302_HR_117.csv,117.801,122.45705,4.656044
sample_303_HR_119.csv,119.048,139.38187,20.33387
sample_304_HR_120.csv,120.579,129.81555,9.236549
sample_305_HR_122.csv,122.15,135.14005,12.990044
sample_306_HR_125.csv,125.139,152.77737,27.638374
sample_307_HR_125.csv,125.418,139.0911,13.673096
sample_308_HR_125.csv,125.654,163.36818,37.71418
sample_309_HR_125.csv,125.786,157.84558,32.059578
sample_30_HR_76.csv,76.879,161.40727,84.528275
sample_310_HR_125.csv,125.523,128.3022,2.7791977
sample_311_HR_124.csv,124.74,132.543,7.8030014
sample_312_HR_124.csv,124.585,145.05539,20.47039
sample_313_HR_124.csv,124.723,128.36606,3.6430588
sample_314_HR_123.csv,123.967,127.39227,3.42527
sample_315_HR_124.csv,124.74,135.84154,11.10154
sample_316_HR_125.csv,125.13,126.74228,1.6122818
sample_317_HR_125.csv,125.261,127.12479,1.8637848
sample_318_HR_125.csv,125.98,127.6716,1.691597
sample_319_HR_126.csv,126.716,127.57987,0.8638687
sample_31_HR_77.csv,77.882,169.78741,91.90541
sample_320_HR_127.csv,127.389,126.941956,-0.44704437
sample_321_HR_128.csv,128.342,128.17853,-0.1634674
sample_322_HR_129.csv,129.837,128.0714,-1.7656097
sample_323_HR_131.csv,131.723,137.0295,5.306488
sample_324_HR_133.csv,133.929,137.2397,3.3106995
sample_325_HR_135.csv,135.494,136.03023,0.53622437
sample_326_HR_137.csv,137.392,139.66223,2.2702332
sample_327_HR_138.csv,138.32,141.52913,3.2091217
sample_328_HR_139.csv,139.344,143.99452,4.650528
sample_329_HR_140.csv,140.187,144.17609,3.98909
sample_32_HR_79.csv,79.976,166.9557,86.979706
sample_330_HR_140.csv,140.625,143.51225,2.8872528
sample_331_HR_140.csv,140.728,144.50148,3.7734833
sample_332_HR_140.csv,140.625,141.63474,1.0097351
sample_333_HR_140.csv,140.479,142.63475,2.1557465
sample_334_HR_140.csv,140.264,144.12294,3.8589325
sample_335_HR_140.csv,140.187,142.70573,2.5187378
sample_336_HR_140.csv,140.625,142.90195,2.276947
sample_337_HR_141.csv,141.509,141.49995,-0.009048462
sample_338_HR_142.csv,142.458,141.47539,-0.982605
sample_339_HR_143.csv,143.312,142.05733,-1.2546692
sample_33_HR_81.csv,81.967,169.02525,87.05825
sample_340_HR_143.csv,143.464,141.68208,-1.7819214
sample_341_HR_143.csv,143.923,142.69696,-1.2260437
sample_342_HR_144.csv,144.077,143.00279,-1.0742035
sample_343_HR_144.csv,144.67,144.17221,-0.49778748
sample_344_HR_145.csv,145.161,144.72438,-0.436615
sample_345_HR_145.csv,145.318,146.83376,1.5157623
sample_346_HR_145.csv,145.474,143.36807,-2.1059265
sample_347_HR_145.csv,145.161,147.52441,2.3634186
sample_348_HR_144.csv,144.231,142.39203,-1.838974
sample_349_HR_142.csv,142.857,142.47377,-0.3832245
sample_34_HR_80.csv,80.994,133.80107,52.807068
sample_350_HR_141.csv,141.361,142.72226,1.3612671
sample_351_HR_140.csv,140.187,147.07779,6.890793
sample_352_HR_139.csv,139.497,154.34846,14.851471
sample_353_HR_139.csv,139.175,148.15701,8.98201
sample_354_HR_138.csv,138.604,152.86752,14.263519
sample_355_HR_138.csv,138.137,148.2291,10.092102
sample_356_HR_138.csv,138.037,88.90149,-49.135513
sample_357_HR_137.csv,137.689,140.09264,2.4036407
sample_358_HR_138.csv,138.137,123.06787,-15.069122
sample_359_HR_138.csv,138.889,124.81238,-14.07663
sample_35_HR_78.csv,78.947,106.31689,27.369888
sample_360_HR_139.csv,139.344,122.25523,-17.08876
sample_361_HR_139.csv,139.319,140.63487,1.3158722
sample_362_HR_138.csv,138.436,142.56544,4.1294403
sample_363_HR_134.csv,134.921,136.77809,1.8570862
sample_364_HR_131.csv,131.173,135.25038,4.0773773
sample_365_HR_128.csv,128.068,129.25026,1.1822662
sample_366_HR_126.csv,126.183,128.22514,2.0421448
sample_367_HR_125.csv,125.0,105.36905,-19.63095
sample_368_HR_124.csv,124.447,135.6175,11.170494
sample_369_HR_122.csv,122.283,122.30861,0.025611877
sample_36_HR_75.csv,75.335,105.95298,30.617981
sample_370_HR_120.csv,120.838,117.4993,-3.3386993
sample_371_HR_120.csv,120.192,120.98669,0.79468536
sample_372_HR_120.csv,120.192,153.12773,32.93573
sample_373_HR_120.csv,120.064,138.52013,18.456123
sample_374_HR_119.csv,119.681,146.6524,26.971405
sample_375_HR_119.csv,119.681,135.70247,16.02147
sample_376_HR_117.csv,117.801,124.91708,7.116081
sample_377_HR_115.csv,115.622,130.8217,15.199699
sample_378_HR_115.csv,115.86,130.12883,14.268829
sample_379_HR_117.csv,117.925,131.66483,13.739822
sample_37_HR_71.csv,71.053,118.842,47.789
sample_380_HR_122.csv,122.283,140.05531,17.772316
sample_381_HR_129.csv,129.442,127.80763,-1.6343689
sample_382_HR_130.csv,130.011,131.52966,1.5186615
sample_383_HR_131.csv,131.308,133.52495,2.2169495
sample_384_HR_132.csv,132.813,134.79213,1.979126
sample_385_HR_134.csv,134.778,136.99966,2.2216644
sample_386_HR_136.csv,136.803,136.94737,0.14437866
sample_387_HR_139.csv,139.65,139.36021,-0.28977966
sample_388_HR_141.csv,141.956,142.07483,0.11883545
sample_389_HR_144.csv,144.54,143.48738,-1.0526123
sample_38_HR_68.csv,68.729,114.94883,46.219833
sample_390_HR_146.csv,146.454,150.06729,3.6132965
sample_391_HR_147.csv,147.516,148.95236,1.4363556
sample_392_HR_147.csv,147.668,151.46251,3.79451
sample_393_HR_146.csv,146.907,142.35634,-4.550659
sample_394_HR_146.csv,146.605,145.95947,-0.6455231
sample_395_HR_145.csv,145.318,145.28877,-0.029220581
sample_396_HR_143.csv,143.923,143.22992,-0.6930847
sample_397_HR_142.csv,142.255,145.92451,3.66951
sample_398_HR_140.csv,140.419,144.07191,3.6529083
sample_399_HR_139.csv,139.175,142.0009,2.8258972
sample_39_HR_69.csv,69.284,78.07382,8.789825
sample_3_HR_59.csv,59.389,60.319744,0.9307442
sample_400_HR_139.csv,139.319,143.21536,3.8963623
sample_401_HR_139.csv,139.65,143.09137,3.4413757
sample_402_HR_140.csv,140.772,143.00044,2.2284393
sample_403_HR_141.csv,141.807,142.14308,0.33607483
sample_404_HR_142.csv,142.405,142.5622,0.15719604
sample_405_HR_143.csv,143.008,142.4952,-0.5128021
sample_406_HR_144.csv,144.231,142.48613,-1.744873
sample_407_HR_145.csv,145.161,142.93382,-2.2271729
sample_408_HR_144.csv,144.231,143.8196,-0.41140747
sample_409_HR_143.csv,143.216,141.85144,-1.364563
sample_40_HR_72.csv,72.894,85.163284,12.269287
sample_410_HR_141.csv,141.956,141.91118,-0.044815063
sample_411_HR_140.csv,140.625,142.15417,1.5291748
sample_412_HR_140.csv,140.041,141.6274,1.5863953
sample_413_HR_139.csv,139.04,141.08711,2.0471191
sample_414_HR_137.csv,137.195,137.56929,0.37428284
sample_415_HR_134.csv,134.636,135.60518,0.96917725
sample_416_HR_132.csv,132.743,136.19481,3.4518127
sample_417_HR_130.csv,130.502,132.86794,2.3659363
sample_418_HR_127.csv,127.932,126.6256,-1.3063965
sample_419_HR_125.csv,125.654,126.45722,0.80322266
sample_41_HR_77.csv,77.408,96.35691,18.948914
sample_420_HR_123.csv,123.33,120.83842,-2.4915848
sample_421_HR_120.csv,120.321,120.06613,-0.25486755
sample_422_HR_118.csv,118.644,140.5484,21.904404
sample_423_HR_110.csv,110.544,107.442726,-3.1012726
sample_424_HR_109.csv,109.551,106.93499,-2.6160126
sample_425_HR_110.csv,110.063,105.1705,-4.892502
sample_426_HR_110.csv,110.169,105.51873,-4.6502686
sample_427_HR_109.csv,109.375,110.28869,0.91368866
sample_428_HR_108.csv,108.583,107.90842,-0.67458344
sample_429_HR_107.csv,107.973,107.2023,-0.77069855
sample_42_HR_80.csv,80.3,95.5697,15.269699
sample_430_HR_111.csv,111.465,110.51835,-0.94664764
sample_431_HR_117.csv,117.925,118.204956,0.279953
sample_432_HR_123.csv,123.22,120.58534,-2.6346588
sample_433_HR_129.csv,129.705,132.0409,2.3358917
sample_434_HR_130.csv,130.769,135.33255,4.563553
sample_435_HR_131.csv,131.148,147.5172,16.369202
sample_436_HR_131.csv,131.443,148.97241,17.529419
sample_437_HR_131.csv,131.291,146.80882,15.517822
sample_438_HR_132.csv,132.674,153.29445,20.620453
sample_439_HR_134.csv,134.778,131.16824,-3.6097565
sample_43_HR_80.csv,80.559,107.06872,26.50972
sample_440_HR_138.csv,138.286,155.72977,17.443771
sample_441_HR_142.csv,142.857,154.80325,11.946259
sample_442_HR_147.csv,147.059,156.93794,9.878937
sample_443_HR_149.csv,149.842,161.61993,11.777939
sample_444_HR_152.csv,152.244,150.69666,-1.547348
sample_445_HR_154.csv,154.004,130.02284,-23.981155
sample_446_HR_156.csv,156.25,134.10501,-22.144989
sample_447_HR_158.csv,158.73,140.95291,-17.777084
sample_448_HR_160.csv,160.944,151.1083,-9.835693
sample_449_HR_162.csv,162.69,148.84012,-13.849884
sample_44_HR_78.csv,78.37,86.71295,8.342949
sample_450_HR_163.csv,163.721,156.00804,-7.7129517
sample_451_HR_164.csv,164.294,158.2548,-6.0392
sample_452_HR_164.csv,164.749,161.00247,-3.746521
sample_453_HR_165.csv,165.268,113.19891,-52.06909
sample_454_HR_165.csv,165.094,162.77708,-2.3169098
sample_455_HR_164.csv,164.921,168.86644,3.9454346
sample_456_HR_164.csv,164.474,160.86177,-3.6122284
sample_457_HR_163.csv,163.934,155.41957,-8.514435
sample_458_HR_163.csv,163.892,142.60844,-21.283554
sample_459_HR_163.csv,163.043,152.40683,-10.636169
sample_45_HR_76.csv,76.879,88.15224,11.273239
sample_460_HR_159.csv,159.218,154.04478,-5.173218
sample_461_HR_160.csv,160.878,143.79204,-17.085968
sample_462_HR_160.csv,160.428,105.26068,-55.167313
sample_463_HR_160.csv,160.55,125.799934,-34.75007
sample_464_HR_160.csv,160.428,122.59097,-37.83702
sample_465_HR_159.csv,159.915,148.81526,-11.099731
sample_466_HR_159.csv,159.574,154.5462,-5.0278015
sample_467_HR_159.csv,159.753,109.113716,-50.63929
sample_468_HR_160.csv,160.944,141.99693,-18.947067
sample_469_HR_162.csv,162.707,153.85727,-8.849731
sample_46_HR_75.csv,75.0,85.30858,10.3085785
sample_470_HR_164.csv,164.474,141.61555,-22.858444
sample_471_HR_166.csv,166.139,131.95667,-34.182343
sample_472_HR_167.csv,167.173,130.21774,-36.95526
sample_473_HR_168.csv,168.269,142.03271,-26.236282
sample_474_HR_168.csv,168.269,153.025,-15.244003
sample_475_HR_168.csv,168.196,147.64877,-20.547226
sample_476_HR_168.csv,168.269,143.00389,-25.265106
sample_477_HR_168.csv,168.449,163.7011,-4.7479095
sample_478_HR_168.csv,168.81,157.28409,-11.525909
sample_479_HR_169.csv,169.492,143.74593,-25.746078
sample_47_HR_75.csv,75.083,100.06481,24.981812
sample_480_HR_169.csv,169.231,146.0208,-23.210205
sample_481_HR_168.csv,168.63,139.31728,-29.312729
sample_482_HR_167.csv,167.553,154.04028,-13.512711
sample_483_HR_166.csv,166.667,158.15982,-8.507187
sample_484_HR_166.csv,166.139,167.28133,1.1423187
sample_485_HR_165.csv,165.268,148.94368,-16.324326
sample_486_HR_164.csv,164.921,113.99071,-50.930298
sample_487_HR_163.csv,163.892,142.39543,-21.496567
sample_488_HR_162.csv,162.707,151.25723,-11.449768
sample_489_HR_161.csv,161.208,131.76624,-29.441757
sample_48_HR_73.csv,73.171,89.958885,16.787888
sample_490_HR_160.csv,160.256,90.172874,-70.08312
sample_491_HR_159.csv,159.736,118.69053,-41.045464
sample_492_HR_158.csv,158.395,111.33262,-47.062386
sample_493_HR_156.csv,156.74,104.085625,-52.65438
sample_494_HR_155.csv,155.119,112.13214,-42.986862
sample_495_HR_153.csv,153.888,105.39079,-48.497208
sample_496_HR_153.csv,153.888,144.20908,-9.678925
sample_497_HR_153.csv,153.722,142.49156,-11.230438
sample_498_HR_153.csv,153.391,170.99767,17.606659
sample_499_HR_153.csv,153.374,141.6535,-11.7204895
sample_49_HR_69.csv,69.849,83.734276,13.885277
sample_4_HR_59.csv,59.659,61.242718,1.5837173
sample_500_HR_153.csv,153.846,162.21185,8.36586
sample_501_HR_154.csv,154.799,167.60086,12.801865
sample_502_HR_159.csv,159.067,138.33452,-20.732483
sample_503_HR_158.csv,158.061,150.74602,-7.314987
sample_504_HR_159.csv,159.405,127.44207,-31.962929
sample_505_HR_160.csv,160.772,127.04942,-33.72258
sample_506_HR_161.csv,161.373,129.586,-31.787003
sample_507_HR_161.csv,161.987,86.74758,-75.23942
sample_508_HR_161.csv,161.538,94.85587,-66.68212
sample_509_HR_160.csv,160.085,119.767555,-40.31745
sample_50_HR_66.csv,66.152,77.87162,11.71962
sample_510_HR_158.csv,158.395,119.31001,-39.08499
sample_511_HR_156.csv,156.904,119.46316,-37.44085
sample_512_HR_156.csv,156.413,119.706406,-36.70659
sample_513_HR_156.csv,156.25,129.588,-26.662003
sample_514_HR_154.csv,154.639,143.58401,-11.054993
sample_515_HR_151.csv,151.822,142.57349,-9.24852
sample_516_HR_149.csv,149.007,147.03363,-1.9733734
sample_517_HR_147.csv,147.864,111.9595,-35.904495
sample_518_HR_149.csv,149.059,122.08467,-26.974335
sample_519_HR_151.csv,151.113,115.920784,-35.192223
sample_51_HR_64.csv,64.865,103.64692,38.78192
sample_520_HR_153.csv,153.226,114.87835,-38.34765
sample_521_HR_155.csv,155.06,122.052246,-33.00775
sample_522_HR_156.csv,156.079,123.18606,-32.892937
sample_523_HR_156.csv,156.576,147.61674,-8.959259
sample_524_HR_155.csv,155.925,115.49278,-40.43222
sample_525_HR_155.csv,155.119,121.871376,-33.247627
sample_526_HR_154.csv,154.799,117.559814,-37.23918
sample_527_HR_154.csv,154.555,126.0917,-28.463295
sample_528_HR_156.csv,156.413,158.57019,2.157196
sample_529_HR_155.csv,155.908,163.8602,7.952194
sample_52_HR_65.csv,65.646,100.93223,35.286224
sample_530_HR_156.csv,156.079,125.17148,-30.907516
sample_531_HR_156.csv,156.422,115.1024,-41.319595
sample_532_HR_156.csv,156.079,86.15917,-69.91982
sample_533_HR_154.csv,154.891,147.65271,-7.2382965
sample_534_HR_154.csv,154.054,165.24185,11.187851
sample_535_HR_154.csv,154.799,122.649635,-32.14936
sample_536_HR_156.csv,156.576,94.53658,-62.03942
sample_537_HR_159.csv,159.091,89.76281,-69.32819
sample_538_HR_161.csv,161.117,122.41598,-38.701027
sample_539_HR_161.csv,161.464,113.161354,-48.30265
sample_53_HR_66.csv,66.007,97.78101,31.77401
sample_540_HR_161.csv,161.208,120.976204,-40.23179
sample_541_HR_161.csv,161.29,114.83085,-46.459145
sample_542_HR_161.csv,161.704,157.76176,-3.9422302
sample_543_HR_162.csv,162.707,155.44443,-7.2625732
sample_544_HR_163.csv,163.892,159.5726,-4.319397
sample_545_HR_164.csv,164.749,120.127975,-44.621017
sample_546_HR_165.csv,165.789,118.12594,-47.663063
sample_547_HR_166.csv,166.667,113.82375,-52.843254
sample_548_HR_167.csv,167.375,120.5218,-46.853203
sample_549_HR_167.csv,167.732,149.334,-18.397995
sample_54_HR_66.csv,66.288,81.13336,14.84536
sample_550_HR_167.csv,167.732,143.93379,-23.798203
sample_551_HR_167.csv,167.343,141.0449,-26.298096
sample_552_HR_167.csv,167.02,140.71281,-26.30719
sample_553_HR_167.csv,167.02,100.09655,-66.923454
sample_554_HR_167.csv,167.197,122.09105,-45.105957
sample_555_HR_168.csv,168.09,107.95307,-60.136925
sample_556_HR_168.csv,168.539,90.41512,-78.12388
sample_557_HR_168.csv,168.63,87.794106,-80.8359
sample_558_HR_168.csv,168.712,126.35572,-42.356285
sample_559_HR_168.csv,168.991,165.31503,-3.6759644
sample_55_HR_66.csv,66.741,119.99139,53.25039
sample_560_HR_169.csv,169.355,165.80713,-3.5478668
sample_561_HR_169.csv,169.928,147.51974,-22.408249
sample_562_HR_171.csv,171.162,144.9356,-26.22641
sample_563_HR_172.csv,172.234,148.22069,-24.013306
sample_564_HR_172.csv,172.775,138.0007,-34.774292
sample_565_HR_172.csv,172.414,158.67395,-13.740051
sample_566_HR_171.csv,171.518,168.39082,-3.127182
sample_567_HR_170.csv,170.824,167.61913,-3.2048798
sample_568_HR_170.csv,170.455,149.68626,-20.768738
sample_569_HR_170.csv,170.279,158.61192,-11.667084
sample_56_HR_67.csv,67.95,78.34547,10.39547
sample_570_HR_169.csv,169.903,145.70789,-24.195114
sample_571_HR_169.csv,169.579,164.8743,-4.7046967
sample_572_HR_169.csv,169.057,108.77323,-60.283775
sample_573_HR_168.csv,168.919,163.62364,-5.2953644
sample_574_HR_168.csv,168.63,146.43765,-22.192352
sample_575_HR_101.csv,101.036,131.08487,30.048866
sample_576_HR_101.csv,101.58,129.60336,28.023361
sample_577_HR_101.csv,101.987,106.76292,4.775917
sample_578_HR_102.csv,102.389,121.90105,19.512047
sample_579_HR_109.csv,109.428,116.20798,6.779976
sample_57_HR_68.csv,68.493,137.19371,68.700714
sample_580_HR_113.csv,113.391,109.119965,-4.2710342
sample_581_HR_116.csv,116.796,139.18059,22.38459
sample_582_HR_119.csv,119.427,129.71533,10.28833
sample_583_HR_122.csv,122.449,122.32721,-0.121788025
sample_584_HR_124.csv,124.481,127.53556,3.0545578
sample_585_HR_125.csv,125.0,127.17358,2.1735764
sample_586_HR_124.csv,124.224,127.18528,2.9612808
sample_587_HR_122.csv,122.683,125.1627,2.4796982
sample_588_HR_121.csv,121.753,118.02462,-3.7283783
sample_589_HR_121.csv,121.885,119.742035,-2.1429672
sample_58_HR_70.csv,70.021,140.03525,70.014244
sample_590_HR_119.csv,119.808,120.99328,1.1852798
sample_591_HR_117.csv,117.066,123.09655,6.030548
sample_592_HR_115.csv,115.005,139.059,24.054008
sample_593_HR_114.csv,114.629,132.37709,17.748093
sample_594_HR_116.csv,116.796,133.4521,16.656105
sample_595_HR_117.csv,117.318,135.27121,17.953209
sample_596_HR_112.csv,112.839,140.36429,27.525291
sample_597_HR_109.csv,109.261,110.87928,1.6182785
sample_598_HR_106.csv,106.816,154.06917,47.253166
sample_599_HR_107.csv,107.143,117.28699,10.14399
sample_59_HR_71.csv,71.174,126.71696,55.542953
sample_5_HR_59.csv,59.389,64.19372,4.804718
sample_600_HR_110.csv,110.294,114.25678,3.9627838
sample_601_HR_112.csv,112.299,115.305145,3.0061417
sample_602_HR_114.csv,114.007,113.452,-0.5550003
sample_603_HR_115.csv,115.385,114.12353,-1.2614746
sample_604_HR_118.csv,118.048,162.17975,44.131752
sample_605_HR_118.csv,118.172,145.03482,26.862823
sample_606_HR_118.csv,118.297,148.9843,30.687302
sample_607_HR_118.csv,118.297,164.10332,45.80632
sample_608_HR_118.csv,118.172,145.44962,27.277618
sample_609_HR_120.csv,120.321,125.2987,4.9776993
sample_60_HR_74.csv,74.176,107.24051,33.064507
sample_610_HR_122.csv,122.416,139.57254,17.15654
sample_611_HR_122.csv,122.951,157.29189,34.34089
sample_612_HR_126.csv,126.05,129.13696,3.0869598
sample_613_HR_128.csv,128.48,130.75482,2.274826
sample_614_HR_131.csv,131.715,128.93585,-2.7791443
sample_615_HR_135.csv,135.064,135.63708,0.5730896
sample_616_HR_139.csv,139.65,136.04979,-3.6002045
sample_617_HR_143.csv,143.617,140.66487,-2.9521332
sample_618_HR_147.csv,147.219,148.1723,0.9533081
sample_619_HR_147.csv,147.975,148.97537,1.0003662
sample_61_HR_77.csv,77.559,106.101555,28.542557
sample_620_HR_147.csv,147.363,149.87515,2.512146
sample_621_HR_145.csv,145.26,143.01181,-2.2481842
sample_622_HR_143.csv,143.16,141.73387,-1.4261322
sample_623_HR_142.csv,142.105,143.1094,1.0044098
sample_624_HR_141.csv,141.956,142.00989,0.053894043
sample_625_HR_142.csv,142.105,142.62505,0.52005005
sample_626_HR_142.csv,142.706,143.55634,0.8503418
sample_627_HR_140.csv,140.772,149.95088,9.178879
sample_628_HR_138.csv,138.587,152.12386,13.53685
sample_629_HR_134.csv,134.778,171.03065,36.252655
sample_62_HR_77.csv,77.945,106.756996,28.811996
sample_630_HR_131.csv,131.988,143.3824,11.394394
sample_631_HR_131.csv,131.148,152.60147,21.453476
sample_632_HR_129.csv,129.705,143.28163,13.57663
sample_633_HR_129.csv,129.032,138.19667,9.164673
sample_634_HR_126.csv,126.547,129.74283,3.1958313
sample_635_HR_123.csv,123.839,134.43085,10.59185
sample_636_HR_123.csv,123.355,134.1667,10.811699
sample_637_HR_124.csv,124.172,122.190346,-1.9816513
sample_638_HR_126.csv,126.984,134.94739,7.9633865
sample_639_HR_129.csv,129.59,134.39355,4.8035583
sample_63_HR_78.csv,78.782,130.6916,51.909607
sample_640_HR_131.csv,131.579,130.83427,-0.74472046
sample_641_HR_133.csv,133.788,135.66472,1.8767242
sample_642_HR_136.csv,136.803,136.87607,0.07307434
sample_643_HR_139.csv,139.175,137.9422,-1.2328033
sample_644_HR_139.csv,139.956,142.04184,2.085846
sample_645_HR_139.csv,139.463,136.3916,-3.0713959
sample_646_HR_139.csv,139.175,137.49246,-1.6825409
sample_647_HR_138.csv,138.436,143.01512,4.579117
sample_648_HR_137.csv,137.475,139.81767,2.3426666
sample_649_HR_135.csv,135.783,135.38715,-0.39585876
sample_64_HR_80.csv,80.043,92.58338,12.540382
sample_650_HR_133.csv,133.779,135.26395,1.4849396
sample_651_HR_132.csv,132.813,145.76991,12.956909
sample_652_HR_130.csv,130.577,155.07019,24.493195
sample_653_HR_126.csv,126.716,126.31916,-0.39684296
sample_654_HR_122.csv,122.2,121.31679,-0.8832092
sample_655_HR_117.csv,117.555,118.41451,0.8595123
sample_656_HR_116.csv,116.701,126.08507,9.384071
sample_657_HR_118.csv,118.297,121.37941,3.0824127
sample_658_HR_114.csv,114.88,120.52077,5.64077
sample_659_HR_110.csv,110.169,155.84372,45.67472
sample_65_HR_83.csv,83.519,103.894554,20.375557
sample_660_HR_106.csv,106.674,164.6642,57.990196
sample_661_HR_105.csv,105.292,110.33983,5.0478287
sample_662_HR_107.csv,107.735,116.010445,8.275444
sample_663_HR_110.csv,110.876,113.93137,3.0553741
sample_664_HR_112.csv,112.903,113.286156,0.38315582
sample_665_HR_114.csv,114.13,113.23611,-0.8938904
sample_666_HR_113.csv,113.759,115.506676,1.747673
sample_667_HR_111.csv,111.702,117.43051,5.728508
sample_668_HR_110.csv,110.643,157.93266,47.289665
sample_669_HR_110.csv,110.294,121.53504,11.241043
sample_66_HR_85.csv,85.714,101.62355,15.909554
sample_670_HR_107.csv,107.497,158.33257,50.835564
sample_671_HR_106.csv,106.441,153.41005,46.969048
sample_672_HR_105.csv,105.178,115.381744,10.203743
sample_673_HR_105.csv,105.386,112.351685,6.965683
sample_674_HR_105.csv,105.978,121.64034,15.662346
sample_675_HR_105.csv,105.634,116.97243,11.338425
sample_676_HR_112.csv,112.179,123.45563,11.276627
sample_677_HR_115.csv,115.639,122.3169,6.677902
sample_678_HR_118.csv,118.922,121.35452,2.4325256
sample_679_HR_122.csv,122.574,122.36996,-0.20404053
sample_67_HR_81.csv,81.61,103.66622,22.056221
sample_680_HR_124.csv,124.352,150.26338,25.911385
sample_681_HR_125.csv,125.261,146.641,21.380005
sample_682_HR_125.csv,125.523,145.06984,19.546837
sample_683_HR_124.csv,124.861,128.67918,3.818184
sample_684_HR_124.csv,124.861,127.6263,2.765297
sample_685_HR_125.csv,125.261,127.23531,1.9743118
sample_686_HR_125.csv,125.786,127.36201,1.576004
sample_687_HR_126.csv,126.449,127.8192,1.3702011
sample_688_HR_126.csv,126.05,128.43465,2.3846436
sample_689_HR_125.csv,125.139,127.83003,2.6910324
sample_68_HR_75.csv,75.843,64.944725,-10.898277
sample_690_HR_123.csv,123.355,128.08495,4.7299423
sample_691_HR_121.csv,121.49,120.666084,-0.8239136
sample_692_HR_120.csv,120.064,120.50235,0.43834686
sample_693_HR_119.csv,119.808,121.20195,1.3939514
sample_694_HR_120.csv,120.838,121.05689,0.21889496
sample_695_HR_122.csv,122.699,125.48419,2.7851944
sample_696_HR_124.csv,124.87,153.967,29.096992
sample_697_HR_126.csv,126.984,147.49297,20.508965
sample_698_HR_128.csv,128.788,127.789825,-0.99816895
sample_699_HR_129.csv,129.31,127.85841,-1.4515839
sample_69_HR_68.csv,68.886,60.294033,-8.591969
sample_6_HR_59.csv,59.863,100.12785,40.264854
sample_700_HR_128.csv,128.617,127.62336,-0.9936447
sample_701_HR_127.csv,127.389,128.42807,1.0390701
sample_702_HR_125.csv,125.558,127.45966,1.9016647
sample_703_HR_124.csv,124.309,128.73758,4.428581
sample_704_HR_123.csv,123.584,130.08173,6.4977264
sample_705_HR_123.csv,123.33,131.85251,8.522507
sample_706_HR_123.csv,123.711,138.04141,14.330414
sample_707_HR_124.csv,124.585,126.90854,2.3235397
sample_708_HR_125.csv,125.698,155.2828,29.584808
sample_709_HR_127.csv,127.389,140.02916,12.64016
sample_70_HR_66.csv,66.445,71.433716,4.988716
sample_710_HR_129.csv,129.45,160.39984,30.949844
sample_711_HR_131.csv,131.715,135.71786,4.0028687
sample_712_HR_133.csv,133.788,135.42697,1.638977
sample_713_HR_135.csv,135.638,136.80373,1.1657257
sample_714_HR_136.csv,136.95,141.49829,4.548294
sample_715_HR_138.csv,138.436,142.42725,3.9912415
sample_716_HR_139.csv,139.752,143.46039,3.7083893
sample_717_HR_141.csv,141.361,160.2052,18.844208
sample_718_HR_142.csv,142.405,157.97145,15.566452
sample_719_HR_143.csv,143.008,149.80757,6.799576
sample_71_HR_66.csv,66.593,67.27803,0.6850281
sample_720_HR_142.csv,142.857,144.63733,1.7803345
sample_721_HR_141.csv,141.956,142.24355,0.28755188
sample_722_HR_141.csv,141.509,143.10962,1.6006165
sample_723_HR_140.csv,140.919,142.19499,1.2759857
sample_724_HR_141.csv,141.509,142.21857,0.7095642
sample_725_HR_142.csv,142.105,147.14494,5.0399475
sample_726_HR_142.csv,142.255,152.18263,9.927628
sample_727_HR_142.csv,142.105,153.21259,11.10759
sample_728_HR_141.csv,141.658,156.07759,14.419586
sample_729_HR_141.csv,141.509,151.52776,10.018753
sample_72_HR_66.csv,66.709,68.4924,1.7834015
sample_730_HR_141.csv,141.807,143.10434,1.2973328
sample_731_HR_141.csv,141.807,143.09569,1.288681
sample_732_HR_141.csv,141.066,142.27635,1.2103577
sample_733_HR_139.csv,139.65,141.75038,2.1003876
sample_734_HR_138.csv,138.604,136.45892,-2.1450806
sample_735_HR_138.csv,138.587,135.29597,-3.291031
sample_736_HR_139.csv,139.04,141.05553,2.0155334
sample_737_HR_139.csv,139.896,142.47565,2.5796509
sample_738_HR_140.csv,140.479,142.05562,1.5766144
sample_739_HR_140.csv,140.573,142.27487,1.7018738
sample_73_HR_63.csv,63.559,76.84191,13.282913
sample_740_HR_141.csv,141.213,142.02174,0.80874634
sample_741_HR_141.csv,141.509,142.0725,0.5634918
sample_742_HR_141.csv,141.824,140.77245,-1.0515594
sample_743_HR_141.csv,141.807,142.31584,0.50883484
sample_744_HR_141.csv,141.361,142.05095,0.68995667
sample_745_HR_140.csv,140.419,141.71458,1.295578
sample_746_HR_139.csv,139.607,140.40112,0.7941284
sample_747_HR_139.csv,139.032,141.99599,2.9639893
sample_748_HR_138.csv,138.436,136.1915,-2.2445068
sample_749_HR_138.csv,138.037,137.97696,-0.060043335
sample_74_HR_61.csv,61.538,60.321114,-1.2168846
sample_750_HR_137.csv,137.392,136.2026,-1.1893921
sample_751_HR_137.csv,137.097,135.34367,-1.7533264
sample_752_HR_137.csv,137.335,135.19916,-2.135849
sample_753_HR_137.csv,137.987,139.93964,1.9526367
sample_754_HR_138.csv,138.462,139.73402,1.2720184
sample_755_HR_138.csv,138.746,142.44882,3.7028198
sample_756_HR_138.csv,138.436,157.39056,18.95456
sample_757_HR_138.csv,138.32,157.01436,18.694351
sample_758_HR_138.csv,138.587,162.17145,23.584442
sample_759_HR_138.csv,138.738,154.42079,15.682785
sample_75_HR_61.csv,61.475,64.12318,2.648178
sample_760_HR_138.csv,138.462,137.66502,-0.7969818
sample_761_HR_137.csv,137.392,140.02391,2.6319122
sample_762_HR_135.csv,135.783,141.36223,5.5792236
sample_763_HR_133.csv,133.929,135.35559,1.42659
sample_764_HR_133.csv,133.038,135.82188,2.7838898
sample_765_HR_133.csv,133.09,135.07524,1.9852448
sample_766_HR_133.csv,133.038,133.87956,0.841568
sample_767_HR_131.csv,131.988,132.09239,0.104385376
sample_768_HR_131.csv,131.579,137.72397,6.1449738
sample_769_HR_131.csv,131.291,135.29521,4.0042114
sample_76_HR_63.csv,63.291,99.03717,35.74617
sample_770_HR_131.csv,131.851,135.91013,4.059128
sample_771_HR_132.csv,132.013,136.69095,4.677948
sample_772_HR_131.csv,131.579,135.19562,3.616623
sample_773_HR_131.csv,131.443,134.50195,3.05896
sample_774_HR_131.csv,131.004,130.15526,-0.8487396
sample_775_HR_130.csv,130.368,127.29792,-3.070076
sample_776_HR_130.csv,130.577,128.27113,-2.3058624
sample_777_HR_130.csv,130.577,129.12619,-1.4508057
sample_778_HR_130.csv,130.235,135.06058,4.825577
sample_779_HR_130.csv,130.011,135.1925,5.1815033
sample_77_HR_65.csv,65.147,96.94937,31.802368
sample_780_HR_131.csv,131.004,129.59935,-1.4046478
sample_781_HR_132.csv,132.261,134.55984,2.2988434
sample_782_HR_135.csv,135.207,139.85814,4.6511383
sample_783_HR_135.csv,135.928,136.68301,0.75502014
sample_784_HR_139.csv,139.65,138.18976,-1.4602356
sample_785_HR_141.csv,141.956,144.11215,2.1561584
sample_786_HR_143.csv,143.16,142.90251,-0.25749207
sample_787_HR_143.csv,143.008,147.92516,4.91716
sample_788_HR_141.csv,141.361,146.23674,4.8757477
sample_789_HR_139.csv,139.319,152.17525,12.856247
sample_78_HR_68.csv,68.65,97.63756,28.987556
sample_790_HR_138.csv,138.286,143.7039,5.4179077
sample_791_HR_138.csv,138.604,159.07607,20.472061
sample_792_HR_140.csv,140.187,150.0231,9.836105
sample_793_HR_141.csv,141.353,151.6472,10.294205
sample_794_HR_142.csv,142.105,157.44951,15.344513
sample_795_HR_142.csv,142.706,169.58012,26.87413
sample_796_HR_142.csv,142.105,141.79268,-0.3123169
sample_797_HR_141.csv,141.361,151.76541,10.404419
sample_798_HR_140.csv,140.187,167.63411,27.447113
sample_799_HR_139.csv,139.192,172.17015,32.97815
sample_79_HR_70.csv,70.423,97.8919,27.468903
sample_7_HR_60.csv,60.554,105.79092,45.236916
sample_800_HR_137.csv,137.987,172.20312,34.216125
sample_801_HR_137.csv,137.475,160.59645,23.121445
sample_802_HR_136.csv,136.656,136.44664,-0.20936584
sample_803_HR_136.csv,136.073,154.58403,18.511032
sample_804_HR_135.csv,135.287,154.73656,19.449554
sample_805_HR_133.csv,133.929,129.49205,-4.4369507
sample_806_HR_132.csv,132.399,128.92145,-3.4775543
sample_807_HR_130.csv,130.862,137.016,6.154007
sample_808_HR_130.csv,130.102,139.7923,9.690292
sample_809_HR_130.csv,130.862,143.9607,13.098694
sample_80_HR_73.csv,73.61,131.722,58.112
sample_810_HR_131.csv,131.868,160.10776,28.239761
sample_811_HR_134.csv,134.494,141.75407,7.260071
sample_812_HR_137.csv,137.54,136.93646,-0.6035309
sample_813_HR_139.csv,139.607,141.84044,2.2334442
sample_814_HR_141.csv,141.956,148.47977,6.523773
sample_815_HR_144.csv,144.077,145.14957,1.0725708
sample_816_HR_145.csv,145.318,138.83937,-6.4786224
sample_817_HR_145.csv,145.946,163.07744,17.13144
sample_818_HR_146.csv,146.004,149.22343,3.2194366
sample_819_HR_145.csv,145.855,149.65823,3.803238
sample_81_HR_75.csv,75.758,129.80891,54.05091
sample_820_HR_145.csv,145.706,159.30003,13.59404
sample_821_HR_145.csv,145.318,158.31908,13.001083
sample_822_HR_144.csv,144.695,143.03374,-1.6612701
sample_823_HR_144.csv,144.385,143.2129,-1.1720886
sample_824_HR_144.csv,144.695,142.36217,-2.33284
sample_825_HR_144.csv,144.817,148.68726,3.8702545
sample_826_HR_144.csv,144.67,143.88072,-0.7892761
sample_827_HR_144.csv,144.231,144.5413,0.31030273
sample_828_HR_142.csv,142.706,142.46161,-0.24438477
sample_829_HR_140.csv,140.919,142.89697,1.9779663
sample_82_HR_70.csv,70.588,116.424385,45.836388
sample_830_HR_139.csv,139.65,142.52101,2.8710175
sample_831_HR_139.csv,139.032,140.54416,1.5121613
sample_832_HR_139.csv,139.463,141.03523,1.5722351
sample_833_HR_72.csv,72.816,74.179245,1.3632431
sample_834_HR_73.csv,73.35,75.8039,2.4539032
sample_835_HR_73.csv,73.171,75.587814,2.4168167
sample_836_HR_70.csv,70.021,72.37703,2.3560257
sample_837_HR_67.csv,67.873,73.5963,5.723297
sample_838_HR_67.csv,67.114,65.5453,-1.5686951
sample_839_HR_64.csv,64.655,62.95401,-1.7009888
sample_83_HR_67.csv,67.189,120.220345,53.03134
sample_840_HR_64.csv,64.655,62.193203,-2.4617958
sample_841_HR_66.csv,66.225,67.642204,1.4172058
sample_842_HR_66.csv,66.815,67.52752,0.7125168
sample_843_HR_68.csv,68.259,67.67618,-0.5828247
sample_844_HR_67.csv,67.265,67.98199,0.7169876
sample_845_HR_66.csv,66.225,67.47992,1.254921
sample_846_HR_66.csv,66.964,67.63206,0.6680603
sample_847_HR_68.csv,68.729,67.94329,-0.78570557
sample_848_HR_73.csv,73.37,86.44018,13.070175
sample_849_HR_77.csv,77.408,79.45506,2.0470657
sample_84_HR_61.csv,61.26,62.144512,0.88451385
sample_850_HR_79.csv,79.693,81.56588,1.872879
sample_851_HR_80.csv,80.3,79.87894,-0.42106628
sample_852_HR_79.csv,79.618,84.7904,5.1724014
sample_853_HR_79.csv,79.505,91.74647,12.24147
sample_854_HR_81.csv,81.13,82.76714,1.637146
sample_855_HR_81.csv,81.61,82.29655,0.6865463
sample_856_HR_80.csv,80.935,82.9331,1.9981003
sample_857_HR_80.csv,80.128,119.33286,39.204865
sample_858_HR_78.csv,78.864,88.033646,9.169647
sample_859_HR_78.csv,78.306,122.880646,44.574646
sample_85_HR_60.csv,60.345,96.01124,35.666237
sample_860_HR_77.csv,77.143,146.64935,69.506355
sample_861_HR_75.csv,75.503,139.4534,63.9504
sample_862_HR_72.csv,72.659,142.92767,70.26868
sample_863_HR_71.csv,71.885,141.0937,69.2087
sample_864_HR_71.csv,71.174,135.86029,64.68629
sample_865_HR_70.csv,70.829,94.20412,23.375114
sample_866_HR_71.csv,71.09,102.62812,31.538124
sample_867_HR_72.csv,72.038,78.38078,6.342781
sample_868_HR_73.csv,73.052,76.22354,3.1715393
sample_869_HR_75.csv,75.503,79.84131,4.3383102
sample_86_HR_61.csv,61.404,107.7695,46.3655
sample_870_HR_79.csv,79.197,130.71774,51.520744
sample_871_HR_84.csv,84.459,104.67322,20.214218
sample_872_HR_88.csv,88.424,151.48566,63.061653
sample_873_HR_90.csv,90.361,90.31566,-0.04534149
sample_874_HR_89.csv,89.577,93.26616,3.6891556
sample_875_HR_88.csv,88.235,89.996025,1.7610245
sample_876_HR_85.csv,85.421,115.10081,29.67981
sample_877_HR_84.csv,84.555,82.743256,-1.8117447
sample_878_HR_86.csv,86.207,111.9168,25.7098
sample_879_HR_88.csv,88.424,102.416725,13.992722
sample_87_HR_62.csv,62.057,113.54166,51.484657
sample_880_HR_91.csv,91.362,114.42475,23.062752
sample_881_HR_94.csv,94.044,112.88045,18.836449
sample_882_HR_95.csv,95.037,101.9812,6.9441986
sample_883_HR_95.csv,95.238,114.84156,19.603561
sample_884_HR_95.csv,95.486,98.25705,2.7710495
sample_885_HR_97.csv,97.087,100.40336,3.3163605
sample_886_HR_99.csv,99.01,97.64822,-1.3617859
sample_887_HR_101.csv,101.457,104.694,3.2369995
sample_888_HR_102.csv,102.416,106.20045,3.7844467
sample_889_HR_102.csv,102.389,117.75602,15.36702
sample_88_HR_66.csv,66.445,120.02171,53.576714
sample_890_HR_102.csv,102.308,111.145226,8.837227
sample_891_HR_100.csv,100.223,97.071075,-3.1519241
sample_892_HR_99.csv,99.01,99.490204,0.48020172
sample_893_HR_99.csv,99.287,111.983505,12.696503
sample_894_HR_99.csv,99.778,118.01459,18.236588
sample_895_HR_102.csv,102.957,141.36432,38.40732
sample_896_HR_105.csv,105.292,104.79621,-0.49578857
sample_897_HR_106.csv,106.209,105.28506,-0.92394257
sample_898_HR_105.csv,105.405,108.39563,2.990631
sample_899_HR_102.csv,102.273,105.49873,3.225731
sample_89_HR_71.csv,71.885,140.88776,69.002754
sample_8_HR_62.csv,62.574,104.20887,41.63487
sample_900_HR_100.csv,100.206,99.383255,-0.8227463
sample_901_HR_98.csv,98.468,97.57908,-0.88892365
sample_902_HR_96.csv,96.878,97.16251,0.28451538
sample_903_HR_95.csv,95.745,99.5172,3.772194
sample_904_HR_90.csv,90.859,107.98503,17.12603
sample_905_HR_88.csv,88.047,95.08262,7.0356216
sample_906_HR_87.csv,87.302,85.80429,-1.4977112
sample_907_HR_88.csv,88.614,93.86114,5.247139
sample_908_HR_90.csv,90.066,99.62972,9.563721
sample_909_HR_89.csv,89.093,136.3211,47.228104
sample_90_HR_74.csv,74.834,146.87212,72.03812
sample_910_HR_88.csv,88.71,148.40788,59.697884
sample_911_HR_88.csv,88.424,144.05048,55.626472
sample_912_HR_91.csv,91.565,164.80602,73.24101
sample_913_HR_95.csv,95.156,147.12718,51.971184
sample_914_HR_95.csv,95.93,141.15619,45.22619
sample_915_HR_96.csv,96.257,118.06871,21.811707
sample_916_HR_94.csv,94.394,98.184814,3.7908173
sample_917_HR_90.csv,90.859,83.642944,-7.216057
sample_918_HR_87.csv,87.58,100.42809,12.848091
sample_919_HR_83.csv,83.987,129.00261,45.01561
sample_91_HR_74.csv,74.917,142.06155,67.144554
sample_920_HR_83.csv,83.841,125.07419,41.233185
sample_921_HR_80.csv,80.043,96.27784,16.23484
sample_922_HR_76.csv,76.271,102.62394,26.352936
sample_923_HR_71.csv,71.856,99.48736,27.631355
sample_924_HR_68.csv,68.493,80.47639,11.983391
sample_925_HR_76.csv,76.531,94.57069,18.039688
sample_926_HR_86.csv,86.207,162.04076,75.833755
sample_927_HR_93.csv,93.361,169.26009,75.899086
sample_928_HR_99.csv,99.119,167.97162,68.852615
sample_929_HR_100.csv,100.412,162.34029,61.928284
sample_92_HR_72.csv,72.894,150.63608,77.74208
sample_930_HR_97.csv,97.933,170.3395,72.406494
sample_931_HR_96.csv,96.463,169.84158,73.378586
sample_932_HR_96.csv,96.878,172.54312,75.66512
sample_933_HR_98.csv,98.253,156.3436,58.0906
sample_934_HR_100.csv,100.784,158.19838,57.414383
sample_935_HR_101.csv,101.925,128.46829,26.54329
sample_936_HR_101.csv,101.668,117.361496,15.693497
sample_937_HR_100.csv,100.111,99.057434,-1.053566
sample_938_HR_98.csv,98.576,125.83228,27.256287
sample_939_HR_98.csv,98.286,99.64804,1.3620377
sample_93_HR_72.csv,72.202,90.390366,18.188362
sample_940_HR_99.csv,99.668,99.88874,0.22074127
sample_941_HR_103.csv,103.175,148.99597,45.82097
sample_942_HR_105.csv,105.863,132.90211,27.039116
sample_943_HR_108.csv,108.454,136.19818,27.744179
sample_944_HR_108.csv,108.696,136.2598,27.563797
sample_945_HR_108.csv,108.093,151.98857,43.89557
sample_946_HR_107.csv,107.362,157.00774,49.645737
sample_947_HR_106.csv,106.557,108.09369,1.5366898
sample_948_HR_106.csv,106.908,107.02794,0.11994171
sample_949_HR_106.csv,106.791,133.01598,26.224976
sample_94_HR_74.csv,74.668,78.95867,4.2906723
sample_950_HR_106.csv,106.557,115.31634,8.759338
sample_951_HR_105.csv,105.748,116.43486,10.686859
sample_952_HR_105.csv,105.292,128.19255,22.90055
sample_953_HR_105.csv,105.634,105.84551,0.2115097
sample_954_HR_106.csv,106.791,105.39895,-1.3920517
sample_955_HR_109.csv,109.948,111.03972,1.0917206
sample_956_HR_111.csv,111.94,111.78214,-0.1578598
sample_957_HR_112.csv,112.847,112.00756,-0.8394394
sample_958_HR_112.csv,112.299,112.467896,0.1688919
sample_959_HR_111.csv,111.94,113.8586,1.9185944
sample_95_HR_76.csv,76.844,83.430916,6.586914
sample_960_HR_112.csv,112.661,112.862465,0.20146179
sample_961_HR_114.csv,114.379,146.65952,32.280518
sample_962_HR_116.csv,116.339,129.09189,12.752892
sample_963_HR_117.csv,117.188,141.5748,24.386795
sample_964_HR_116.csv,116.796,128.446,11.650002
sample_965_HR_115.csv,115.031,154.72833,39.697334
sample_966_HR_119.csv,119.554,152.47113,32.91713
sample_967_HR_123.csv,123.626,145.26727,21.641273
sample_968_HR_125.csv,125.558,132.77632,7.2183228
sample_969_HR_126.csv,126.263,127.66272,1.3997192
sample_96_HR_79.csv,79.318,97.02346,17.70546
sample_970_HR_125.csv,125.523,154.3004,28.777397
sample_971_HR_124.csv,124.352,150.92096,26.568962
sample_972_HR_123.csv,123.077,136.31607,13.239067
sample_973_HR_121.csv,121.581,132.27501,10.694008
sample_974_HR_120.csv,120.064,132.14151,12.077507
sample_975_HR_119.csv,119.554,148.04785,28.49385
sample_976_HR_118.csv,118.51,130.21864,11.708641
sample_977_HR_118.csv,118.11,163.23473,45.124725
sample_978_HR_118.csv,118.644,142.25447,23.610474
sample_979_HR_120.csv,120.064,166.6834,46.619392
sample_97_HR_81.csv,81.699,77.02033,-4.678665
sample_980_HR_122.csv,122.324,142.038,19.713997
sample_981_HR_123.csv,123.967,138.17842,14.211418
sample_982_HR_125.csv,125.558,169.67322,44.11522
sample_983_HR_126.csv,126.984,165.35359,38.36959
sample_984_HR_128.csv,128.48,169.5222,41.042206
sample_985_HR_130.csv,130.435,132.3768,1.941803
sample_986_HR_132.csv,132.951,151.2955,18.344498
sample_987_HR_135.csv,135.783,135.61563,-0.16737366
sample_988_HR_137.csv,137.392,154.3238,16.931808
sample_989_HR_139.csv,139.175,138.08452,-1.0904846
sample_98_HR_82.csv,82.69,85.586876,2.8968735
sample_990_HR_140.csv,140.919,141.83696,0.9179535
sample_991_HR_142.csv,142.857,142.3513,-0.5056915
sample_992_HR_144.csv,144.523,142.01547,-2.5075226
sample_993_HR_145.csv,145.788,152.23753,6.449539
sample_994_HR_146.csv,146.58,147.5876,1.0075989
sample_995_HR_146.csv,146.421,147.6559,1.2348938
sample_996_HR_145.csv,145.946,146.674,0.7279968
sample_997_HR_145.csv,145.26,143.75208,-1.5079193
sample_998_HR_144.csv,144.817,143.79033,-1.0266724
sample_999_HR_144.csv,144.54,144.23299,-0.30700684
sample_99_HR_81.csv,81.818,82.39351,0.5755081
sample_9_HR_67.csv,67.797,80.00896,12.21196
